bundle	pattern	status	screenshot	note
org.laptop.HelpActivity	helpactivity4.HelpActivity	PASS	/mnt/aspartame-dev/reports/gtk4/visual-sweep-20261002/org.laptop.HelpActivity.png	ready pid=2207 activity-id=fe17cddeeccf465aa1e38906c1494ed4 screenshot=/mnt/aspartame-dev/reports/gtk4/visual-sweep-20261002/org.laptop.HelpActivity.png launch=(true,)
org.aspartame.Count	countactivity4.CountActivity	PASS	/mnt/aspartame-dev/reports/gtk4/visual-sweep-20261002/org.aspartame.Count.png	ready pid=2326 activity-id=06cfa4a7018544ed9be436d97bf89886 screenshot=/mnt/aspartame-dev/reports/gtk4/visual-sweep-20261002/org.aspartame.Count.png launch=(true,)
org.aspartame.Calculate	calculateactivity4.CalculateActivity	PASS	/mnt/aspartame-dev/reports/gtk4/visual-sweep-20261002/org.aspartame.Calculate.png	ready pid=2441 activity-id=62f3ffd138e7416a973fb403994bcec1 screenshot=/mnt/aspartame-dev/reports/gtk4/visual-sweep-20261002/org.aspartame.Calculate.png launch=(true,)
tv.alterna.Clock	clockactivity4.ClockActivity	PASS	/mnt/aspartame-dev/reports/gtk4/visual-sweep-20261002/tv.alterna.Clock.png	ready pid=2557 activity-id=ad43aba4cfbe4ac59cc36470e1620ccc screenshot=/mnt/aspartame-dev/reports/gtk4/visual-sweep-20261002/tv.alterna.Clock.png launch=(true,)
org.laptop.JAMClock	jamclockactivity4.JAMClockActivity	PASS	/mnt/aspartame-dev/reports/gtk4/visual-sweep-20261002/org.laptop.JAMClock.png	ready pid=2668 activity-id=7c23893eab58473996f89d398561e7bf screenshot=/mnt/aspartame-dev/reports/gtk4/visual-sweep-20261002/org.laptop.JAMClock.png launch=(true,)
org.laptop.ImageViewerActivity	ImageViewerActivity.ImageViewerActivity	PASS	/mnt/aspartame-dev/reports/gtk4/visual-sweep-20261002/org.laptop.ImageViewerActivity.png	ready pid=2782 activity-id=182a741d8bdd439bb39802d94a4c48b1 screenshot=/mnt/aspartame-dev/reports/gtk4/visual-sweep-20261002/org.laptop.ImageViewerActivity.png launch=(true,)
org.laptop.Terminal	terminalactivity4.TerminalActivity	PASS	/mnt/aspartame-dev/reports/gtk4/visual-sweep-20261002/org.laptop.Terminal.png	ready pid=2898 activity-id=f10ced05cc42414eae202f6436ffdfa8 screenshot=/mnt/aspartame-dev/reports/gtk4/visual-sweep-20261002/org.laptop.Terminal.png launch=(true,)
org.laptop.WebActivity	browseactivity4.BrowseActivity	PASS	/mnt/aspartame-dev/reports/gtk4/visual-sweep-20261002/org.laptop.WebActivity.png	ready pid=3016 activity-id=39b5924aabfe4f36847bc118208395f3 screenshot=/mnt/aspartame-dev/reports/gtk4/visual-sweep-20261002/org.laptop.WebActivity.png launch=(true,)
org.laptop.Log	logviewer.LogActivity	PASS	/mnt/aspartame-dev/reports/gtk4/visual-sweep-20261002/org.laptop.Log.png	ready pid=3130 activity-id=7c5821848e754ff2bab10a9902e05ec5 screenshot=/mnt/aspartame-dev/reports/gtk4/visual-sweep-20261002/org.laptop.Log.png launch=(true,)
org.laptop.Mastermind	mastermindactivity4.MastermindActivity	PASS	/mnt/aspartame-dev/reports/gtk4/visual-sweep-20261002/org.laptop.Mastermind.png	ready pid=3252 activity-id=25c86537504c49c1862fe8196d639add screenshot=/mnt/aspartame-dev/reports/gtk4/visual-sweep-20261002/org.laptop.Mastermind.png launch=(true,)
org.worldwideworkshop.PollBuilder	pollactivity4.PollActivity	PASS	/mnt/aspartame-dev/reports/gtk4/visual-sweep-20261002/org.worldwideworkshop.PollBuilder.png	ready pid=3370 activity-id=f2481ba2c9824733b08d0c4a0280e8a6 screenshot=/mnt/aspartame-dev/reports/gtk4/visual-sweep-20261002/org.worldwideworkshop.PollBuilder.png launch=(true,)
mulawa.Mancala	mancalaactivity4.MancalaActivity	PASS	/mnt/aspartame-dev/reports/gtk4/visual-sweep-20261002/mulawa.Mancala.png	ready pid=3486 activity-id=4e0444f87f4e471997942d33902d3e9e screenshot=/mnt/aspartame-dev/reports/gtk4/visual-sweep-20261002/mulawa.Mancala.png launch=(true,)
net.coderanger.olpc.reversi	reversiactivity4.ReversiActivity	PASS	/mnt/aspartame-dev/reports/gtk4/visual-sweep-20261002/net.coderanger.olpc.reversi.png	ready pid=3599 activity-id=bce76161cd3942b3a2b40a24b443cd1e screenshot=/mnt/aspartame-dev/reports/gtk4/visual-sweep-20261002/net.coderanger.olpc.reversi.png launch=(true,)
mulawa.Jumble	jumbleactivity4.JumbleActivity	PASS	/mnt/aspartame-dev/reports/gtk4/visual-sweep-20261002/mulawa.Jumble.png	ready pid=3714 activity-id=9601e6bc626a40ccbf1b142d96dad5dc screenshot=/mnt/aspartame-dev/reports/gtk4/visual-sweep-20261002/mulawa.Jumble.png launch=(true,)
org.sugarlabs.NumRush	numberrushactivity4.NumberRushActivity	PASS	/mnt/aspartame-dev/reports/gtk4/visual-sweep-20261002/org.sugarlabs.NumRush.png	ready pid=3830 activity-id=9c55819499e947e98b4d7872a6ffb9ea screenshot=/mnt/aspartame-dev/reports/gtk4/visual-sweep-20261002/org.sugarlabs.NumRush.png launch=(true,)
mulawa.AcrossDown	acrossdownactivity4.AcrossDownActivity	PASS	/mnt/aspartame-dev/reports/gtk4/visual-sweep-20261002/mulawa.AcrossDown.png	ready pid=3948 activity-id=a0d2015267314de7bc18a54de62bbf59 screenshot=/mnt/aspartame-dev/reports/gtk4/visual-sweep-20261002/mulawa.AcrossDown.png launch=(true,)
mulawa.IQ	iqactivity4.IQActivity	PASS	/mnt/aspartame-dev/reports/gtk4/visual-sweep-20261002/mulawa.IQ.png	ready pid=4061 activity-id=1fa7440e1e3d4a93bb2c2cd04d0a602c screenshot=/mnt/aspartame-dev/reports/gtk4/visual-sweep-20261002/mulawa.IQ.png launch=(true,)
mulawa.AppelHaken	appelhakenactivity4.AppelHakenActivity	PASS	/mnt/aspartame-dev/reports/gtk4/visual-sweep-20261002/mulawa.AppelHaken.png	ready pid=4176 activity-id=8af8faf6646a4c88aea3d8e1c0b8bafe screenshot=/mnt/aspartame-dev/reports/gtk4/visual-sweep-20261002/mulawa.AppelHaken.png launch=(true,)
org.sugarlabs.BallAndBrick	ballandbrickactivity4.BallAndBrickActivity	PASS	/mnt/aspartame-dev/reports/gtk4/visual-sweep-20261002/org.sugarlabs.BallAndBrick.png	ready pid=4295 activity-id=7e4623d834074ab1bc3b7a60ee75d041 screenshot=/mnt/aspartame-dev/reports/gtk4/visual-sweep-20261002/org.sugarlabs.BallAndBrick.png launch=(true,)
com.jotaro.ImplodeActivity	implodeactivity4.ImplodeActivity	PASS	/mnt/aspartame-dev/reports/gtk4/visual-sweep-20261002/com.jotaro.ImplodeActivity.png	ready pid=4410 activity-id=010ba247796c43d48607d18e8e0b2c9d screenshot=/mnt/aspartame-dev/reports/gtk4/visual-sweep-20261002/com.jotaro.ImplodeActivity.png launch=(true,)
org.laptop.PlayGo	playgoactivity4.PlayGoActivity	PASS	/mnt/aspartame-dev/reports/gtk4/visual-sweep-20261002/org.laptop.PlayGo.png	ready pid=4528 activity-id=b90d2d865e33456dba488fb156b66d46 screenshot=/mnt/aspartame-dev/reports/gtk4/visual-sweep-20261002/org.laptop.PlayGo.png launch=(true,)
org.laptop.BlockPartyActivity	blockpartyactivity4.BlockPartyActivity	PASS	/mnt/aspartame-dev/reports/gtk4/visual-sweep-20261002/org.laptop.BlockPartyActivity.png	ready pid=4644 activity-id=dfe3b9de32ce43c3af39eff9900e45fb screenshot=/mnt/aspartame-dev/reports/gtk4/visual-sweep-20261002/org.laptop.BlockPartyActivity.png launch=(true,)
org.laptop.community.TypingTurtle	typingturtleactivity4.TypingTurtleActivity	PASS	/mnt/aspartame-dev/reports/gtk4/visual-sweep-20261002/org.laptop.community.TypingTurtle.png	ready pid=4760 activity-id=dcb635dbde554419b9af536d8dbccdde screenshot=/mnt/aspartame-dev/reports/gtk4/visual-sweep-20261002/org.laptop.community.TypingTurtle.png launch=(true,)
org.laptop.Memorize	memorizeactivity4.MemorizeActivity	PASS	/mnt/aspartame-dev/reports/gtk4/visual-sweep-20261002/org.laptop.Memorize.png	ready pid=4875 activity-id=de9996126dfc4ea7b5e1dbc42bc034cd screenshot=/mnt/aspartame-dev/reports/gtk4/visual-sweep-20261002/org.laptop.Memorize.png launch=(true,)
vu.lux.olpc.Maze	mazeactivity4.MazeActivity	PASS	/mnt/aspartame-dev/reports/gtk4/visual-sweep-20261002/vu.lux.olpc.Maze.png	ready pid=4991 activity-id=433443a806e64843839da8ae0700515d screenshot=/mnt/aspartame-dev/reports/gtk4/visual-sweep-20261002/vu.lux.olpc.Maze.png launch=(true,)
org.eq.FotoToon	fototoonactivity4.FotoToonActivity	PASS	/mnt/aspartame-dev/reports/gtk4/visual-sweep-20261002/org.eq.FotoToon.png	ready pid=5108 activity-id=22cf145598a449f5994be6e26a4f7421 screenshot=/mnt/aspartame-dev/reports/gtk4/visual-sweep-20261002/org.eq.FotoToon.png launch=(true,)
org.sugarlabs.PortfolioActivity	portfolioactivity4.PortfolioActivity	PASS	/mnt/aspartame-dev/reports/gtk4/visual-sweep-20261002/org.sugarlabs.PortfolioActivity.png	ready pid=5231 activity-id=ba522b2014f64acb8bbb5254d7ae7899 screenshot=/mnt/aspartame-dev/reports/gtk4/visual-sweep-20261002/org.sugarlabs.PortfolioActivity.png launch=(true,)
org.sugarlabs.Markdown	markdownactivity4.MarkdownActivity	PASS	/mnt/aspartame-dev/reports/gtk4/visual-sweep-20261002/org.sugarlabs.Markdown.png	ready pid=5346 activity-id=3a5ad760b18d437b8f8280332e0260c7 screenshot=/mnt/aspartame-dev/reports/gtk4/visual-sweep-20261002/org.sugarlabs.Markdown.png launch=(true,)
org.laptop.community.Finance	financeactivity4.FinanceActivity	PASS	/mnt/aspartame-dev/reports/gtk4/visual-sweep-20261002/org.laptop.community.Finance.png	ready pid=5463 activity-id=20fd85401b304f55b1532aa67a62009b screenshot=/mnt/aspartame-dev/reports/gtk4/visual-sweep-20261002/org.laptop.community.Finance.png launch=(true,)
org.laptop.Words	wordsactivity4.WordsActivity	PASS	/mnt/aspartame-dev/reports/gtk4/visual-sweep-20261002/org.laptop.Words.png	ready pid=5581 activity-id=1da622df280f41b780c8a979742ac2d1 screenshot=/mnt/aspartame-dev/reports/gtk4/visual-sweep-20261002/org.laptop.Words.png launch=(true,)
org.olpc-france.LOLActivity	lolactivity4.LastOneLosesActivity	PASS	/mnt/aspartame-dev/reports/gtk4/visual-sweep-20261002/org.olpc-france.LOLActivity.png	ready pid=5698 activity-id=5a21dc58c28347fb94d547071d5fa3a8 screenshot=/mnt/aspartame-dev/reports/gtk4/visual-sweep-20261002/org.olpc-france.LOLActivity.png launch=(true,)
org.sugarlabs.GTDActivity	gtdactivity4.GTDActivity	PASS	/mnt/aspartame-dev/reports/gtk4/visual-sweep-20261002/org.sugarlabs.GTDActivity.png	ready pid=5813 activity-id=d0ab9457c98d4cf89fa7931ca5abcee9 screenshot=/mnt/aspartame-dev/reports/gtk4/visual-sweep-20261002/org.sugarlabs.GTDActivity.png launch=(true,)
org.olpcfrance.Gridpaint	gridpaintactivity4.GridPaintActivity	PASS	/mnt/aspartame-dev/reports/gtk4/visual-sweep-20261002/org.olpcfrance.Gridpaint.png	ready pid=5929 activity-id=20ac45bebf0f4317b58735902d8c321d screenshot=/mnt/aspartame-dev/reports/gtk4/visual-sweep-20261002/org.olpcfrance.Gridpaint.png launch=(true,)
org.sugarlabs.StopwatchActivity	stopwatchactivity4.StopwatchActivity	PASS	/mnt/aspartame-dev/reports/gtk4/visual-sweep-20261002/org.sugarlabs.StopwatchActivity.png	ready pid=6044 activity-id=ffb3f9fe8bf14d28b42ac2025edf129a screenshot=/mnt/aspartame-dev/reports/gtk4/visual-sweep-20261002/org.sugarlabs.StopwatchActivity.png launch=(true,)
org.sugarlabs.GearsActivity	gearsactivity4.GearsActivity	PASS	/mnt/aspartame-dev/reports/gtk4/visual-sweep-20261002/org.sugarlabs.GearsActivity.png	ready pid=6160 activity-id=21835ab3789542379748f6f583c477d5 screenshot=/mnt/aspartame-dev/reports/gtk4/visual-sweep-20261002/org.sugarlabs.GearsActivity.png launch=(true,)
org.laptop.TurtleArtActivity	turtleartactivity4.TurtleArtActivity	PASS	/mnt/aspartame-dev/reports/gtk4/visual-sweep-20261002/org.laptop.TurtleArtActivity.png	ready pid=6277 activity-id=cac65630138744888242c3a4cedd1c8f screenshot=/mnt/aspartame-dev/reports/gtk4/visual-sweep-20261002/org.laptop.TurtleArtActivity.png launch=(true,)
org.sugarlabs.gameOfLife	gameoflifeactivity4.GameOfLifeActivity	PASS	/mnt/aspartame-dev/reports/gtk4/visual-sweep-20261002/org.sugarlabs.gameOfLife.png	ready pid=6399 activity-id=4f638b3b66534afa9108b238a4499814 screenshot=/mnt/aspartame-dev/reports/gtk4/visual-sweep-20261002/org.sugarlabs.gameOfLife.png launch=(true,)
org.sugarlabs.ColorMyWorldActivity	colormyworldactivity4.ColorMyWorldActivity	PASS	/mnt/aspartame-dev/reports/gtk4/visual-sweep-20261002/org.sugarlabs.ColorMyWorldActivity.png	ready pid=6521 activity-id=0013d1e5e2e54e7db89e6a89893ad2d6 screenshot=/mnt/aspartame-dev/reports/gtk4/visual-sweep-20261002/org.sugarlabs.ColorMyWorldActivity.png launch=(true,)
com.homegrownapps.abacus	abacusactivity4.AbacusActivity	PASS	/mnt/aspartame-dev/reports/gtk4/visual-sweep-20261002/com.homegrownapps.abacus.png	ready pid=6636 activity-id=1075cc3fdac24073986e3684dc7ae489 screenshot=/mnt/aspartame-dev/reports/gtk4/visual-sweep-20261002/com.homegrownapps.abacus.png launch=(true,)
org.sugarlabs.Planets	planetsactivity4.PlanetsActivity	PASS	/mnt/aspartame-dev/reports/gtk4/visual-sweep-20261002/org.sugarlabs.Planets.png	ready pid=6756 activity-id=2caf4d1e7b044fbd81752d1c4f094840 screenshot=/mnt/aspartame-dev/reports/gtk4/visual-sweep-20261002/org.sugarlabs.Planets.png launch=(true,)
org.sugarlabs.Write	writeactivity4.WriteActivity	PASS	/mnt/aspartame-dev/reports/gtk4/visual-sweep-20261002/org.sugarlabs.Write.png	ready pid=6873 activity-id=f5fed7445cc74244a7c2e63ffa7fff0e screenshot=/mnt/aspartame-dev/reports/gtk4/visual-sweep-20261002/org.sugarlabs.Write.png launch=(true,)
org.sugarlabs.ConnectTheDots	connectthedotsactivity4.ConnectTheDotsActivity	PASS	/mnt/aspartame-dev/reports/gtk4/visual-sweep-20261002/org.sugarlabs.ConnectTheDots.png	ready pid=6988 activity-id=433b955851ea47aa936d01837cce029c screenshot=/mnt/aspartame-dev/reports/gtk4/visual-sweep-20261002/org.sugarlabs.ConnectTheDots.png launch=(true,)
org.laptop.Pippy	pippyactivity4.PippyActivity	PASS	/mnt/aspartame-dev/reports/gtk4/visual-sweep-20261002/org.laptop.Pippy.png	ready pid=7106 activity-id=80d5650916cd40be86342e74f361beee screenshot=/mnt/aspartame-dev/reports/gtk4/visual-sweep-20261002/org.laptop.Pippy.png launch=(true,)
org.sugarlabs.Paint	paintactivity4.PaintActivity	PASS	/mnt/aspartame-dev/reports/gtk4/visual-sweep-20261002/org.sugarlabs.Paint.png	ready pid=7221 activity-id=ec13f14b52494d1a80a802be7b39e56b screenshot=/mnt/aspartame-dev/reports/gtk4/visual-sweep-20261002/org.sugarlabs.Paint.png launch=(true,)
com.francocorrea.diamondfusion	diamondfusionactivity4.DiamondFusionActivity	PASS	/mnt/aspartame-dev/reports/gtk4/visual-sweep-20261002/com.francocorrea.diamondfusion.png	ready pid=7339 activity-id=5a6fe977dd7f4ee99758d4e74c29a6fb screenshot=/mnt/aspartame-dev/reports/gtk4/visual-sweep-20261002/com.francocorrea.diamondfusion.png launch=(true,)
net.flossmanuals.LevelActivity	levelactivity4.LevelActivity	PASS	/mnt/aspartame-dev/reports/gtk4/visual-sweep-20261002/net.flossmanuals.LevelActivity.png	ready pid=7454 activity-id=fe2ca48b3c6d47d8aefadd722f385bf6 screenshot=/mnt/aspartame-dev/reports/gtk4/visual-sweep-20261002/net.flossmanuals.LevelActivity.png launch=(true,)
com.garycmartin.Moon	moonactivity4.MoonActivity	PASS	/mnt/aspartame-dev/reports/gtk4/visual-sweep-20261002/com.garycmartin.Moon.png	ready pid=7569 activity-id=0f015c71b6e647e1af5f86bc2e9764db screenshot=/mnt/aspartame-dev/reports/gtk4/visual-sweep-20261002/com.garycmartin.Moon.png launch=(true,)
org.laptop.sugar.GetBooksActivity	getbooksactivity4.GetBooksActivity	PASS	/mnt/aspartame-dev/reports/gtk4/visual-sweep-20261002/org.laptop.sugar.GetBooksActivity.png	ready pid=7686 activity-id=8d02b78409ae4322b49e1ec363b9bf32 screenshot=/mnt/aspartame-dev/reports/gtk4/visual-sweep-20261002/org.laptop.sugar.GetBooksActivity.png launch=(true,)
org.laptop.sugar.Jukebox	jukeboxactivity4.JukeboxActivity	PASS	/mnt/aspartame-dev/reports/gtk4/visual-sweep-20261002/org.laptop.sugar.Jukebox.png	ready pid=7809 activity-id=4966be90f3a44f5e9b99b2be8144ebc9 screenshot=/mnt/aspartame-dev/reports/gtk4/visual-sweep-20261002/org.laptop.sugar.Jukebox.png launch=(true,)
org.laptop.sugar.ReadActivity	readactivity4.ReadActivity	PASS	/mnt/aspartame-dev/reports/gtk4/visual-sweep-20261002/org.laptop.sugar.ReadActivity.png	ready pid=7926 activity-id=b75b88c7192e455294fc8bda6374c528 screenshot=/mnt/aspartame-dev/reports/gtk4/visual-sweep-20261002/org.laptop.sugar.ReadActivity.png launch=(true,)
